Model,Accuracy,F1 Score,Loss
ai4bharat/indic-bert,0.49875,0.44372585781668744,1.0094352960586548
google/muril-base-cased,0.6075,0.6064303548823888,0.9235853552818298
bert-base-multilingual-cased,0.5725,0.5732235038615129,1.0604640245437622
ibraheemmoosa/xlmindic-base-multiscript,0.51625,0.5210988744879063,1.1476964950561523
ibraheemmoosa/xlmindic-base-uniscript,0.40375,0.27309914396615376,1.0770457983016968
customBertModel,0.3585,0.1969,1.0945
